{
  "project_info": {
    "project_number": "501757518704",
    "project_id": "famfyp-47b03",
    "storage_bucket": "famfyp-47b03.appspot.com"
  },
  "client": [
    {
      "client_info": {
        "mobilesdk_app_id": "1:501757518704:android:ead7462b1cf2bdc82125b5",
        "android_client_info": {
          "package_name": "com.example.fyp"
        }
      },
      "oauth_client": [
        {
          "client_id": "501757518704-uese76fcoo7merg3laaebfrra9rttij4.apps.googleusercontent.com",
          "client_type": 3
        }
      ],
      "api_key": [
        {
          "current_key": "AIzaSyCUtbUrqqN11t85xJ4ZZwO_p5FWMgEHyR4"
        }
      ],
      "services": {
        "appinvite_service": {
          "other_platform_oauth_client": [
            {
              "client_id": "501757518704-uese76fcoo7merg3laaebfrra9rttij4.apps.googleusercontent.com",
              "client_type": 3
            }
          ]
        }
      }
    }
  ],
  "configuration_version": "1"
}