{
  "project_info": {
    "project_number": "1058702676456",
    "firebase_url": "https://arshoppingapp.firebaseio.com",
    "project_id": "arshoppingapp",
    "storage_bucket": "arshoppingapp.appspot.com"
  },
  "client": [
    {
      "client_info": {
        "mobilesdk_app_id": "1:1058702676456:android:720b503f5ed74fc5",
        "android_client_info": {
          "package_name": "com.group14.cse.arshoppingapp"
        }
      },
      "oauth_client": [
        {
          "client_id": "1058702676456-n8co7cv206537vck6a3ci9iq19ld79a6.apps.googleusercontent.com",
          "client_type": 1,
          "android_info": {
            "package_name": "com.group14.cse.arshoppingapp",
            "certificate_hash": "7f439039fb21eff9a2028d33a6c97a3b0bafb22a"
          }
        },
        {
          "client_id": "1058702676456-h760958mesl6psdgpcjpjlve8e1u7gtf.apps.googleusercontent.com",
          "client_type": 3
        }
      ],
      "api_key": [
        {
          "current_key": "AIzaSyBvzFvqZKGp7xor_QN5vZcFyMkJZ8j_DQM"
        }
      ],
      "services": {
        "analytics_service": {
          "status": 1
        },
        "appinvite_service": {
          "status": 2,
          "other_platform_oauth_client": [
            {
              "client_id": "1058702676456-h760958mesl6psdgpcjpjlve8e1u7gtf.apps.googleusercontent.com",
              "client_type": 3
            }
          ]
        },
        "ads_service": {
          "status": 2
        }
      }
    }
  ],
  "configuration_version": "1"
}